{
    "NA": {
        "TD": [
            [
                1006.0,
                59.96978851963746
            ],
            [
                1007.0,
                74.16918429003022
            ],
            [
                1008.0,
                84.59214501510574
            ],
            [
                1009.0,
                91.08761329305136
            ],
            [
                1010.0,
                95.46827794561933
            ],
            [
                1011.0,
                98.03625377643505
            ],
            [
                1012.0,
                98.94259818731118
            ],
            [
                1013.0,
                99.54682779456193
            ],
            [
                1014.0,
                99.8489425981873
            ],
            [
                1015.0,
                99.8489425981873
            ],
            [
                1016.0,
                99.8489425981873
            ]
        ],
        "TS": [
            [
                989.0,
                55.30085959885387
            ],
            [
                990.0,
                58.45272206303725
            ],
            [
                991.0,
                68.1948424068768
            ],
            [
                992.0,
                73.35243553008596
            ],
            [
                993.0,
                81.08882521489971
            ],
            [
                994.0,
                85.95988538681948
            ],
            [
                995.0,
                88.82521489971347
            ],
            [
                996.0,
                92.26361031518624
            ],
            [
                997.0,
                93.69627507163324
            ],
            [
                998.0,
                93.35347432024169
            ],
            [
                999.0,
                92.14501510574019
            ],
            [
                1000.0,
                90.33232628398792
            ],
            [
                1001.0,
                86.5558912386707
            ],
            [
                1002.0,
                82.77945619335347
            ],
            [
                1003.0,
                77.64350453172206
            ],
            [
                1004.0,
                69.03323262839879
            ],
            [
                1005.0,
                58.91238670694864
            ]
        ],
        "CAT1": [
            [
                974.0,
                57.635467980295566
            ],
            [
                975.0,
                62.06896551724138
            ],
            [
                976.0,
                71.92118226600985
            ],
            [
                977.0,
                75.86206896551724
            ],
            [
                978.0,
                79.3103448275862
            ],
            [
                979.0,
                85.22167487684729
            ],
            [
                980.0,
                86.69950738916256
            ],
            [
                981.0,
                90.64039408866995
            ],
            [
                982.0,
                90.83094555873924
            ],
            [
                983.0,
                88.25214899713467
            ],
            [
                984.0,
                85.38681948424069
            ],
            [
                985.0,
                82.8080229226361
            ],
            [
                986.0,
                76.21776504297995
            ],
            [
                987.0,
                70.48710601719198
            ],
            [
                988.0,
                52.43553008595988
            ]
        ],
        "CAT2": [
            [
                962.0,
                50.71428571428571
            ],
            [
                963.0,
                60.714285714285715
            ],
            [
                964.0,
                65.71428571428572
            ],
            [
                965.0,
                74.28571428571429
            ],
            [
                966.0,
                78.57142857142857
            ],
            [
                967.0,
                83.57142857142857
            ],
            [
                968.0,
                85.71428571428571
            ],
            [
                969.0,
                81.2807881773399
            ],
            [
                970.0,
                74.8768472906404
            ],
            [
                971.0,
                67.98029556650246
            ],
            [
                972.0,
                60.09852216748769
            ],
            [
                973.0,
                52.70935960591133
            ]
        ],
        "CAT3": [
            [
                948.0,
                50.0
            ],
            [
                949.0,
                65.11627906976744
            ],
            [
                950.0,
                68.6046511627907
            ],
            [
                951.0,
                75.58139534883722
            ],
            [
                952.0,
                77.90697674418604
            ],
            [
                953.0,
                82.55813953488372
            ],
            [
                954.0,
                83.72093023255815
            ],
            [
                955.0,
                87.85714285714286
            ],
            [
                956.0,
                84.28571428571429
            ],
            [
                957.0,
                81.42857142857143
            ],
            [
                958.0,
                77.85714285714286
            ],
            [
                959.0,
                74.28571428571429
            ],
            [
                960.0,
                68.57142857142857
            ],
            [
                961.0,
                57.14285714285714
            ]
        ],
        "CAT4": [
            [
                926.0,
                54.16666666666667
            ],
            [
                927.0,
                54.16666666666667
            ],
            [
                928.0,
                54.16666666666667
            ],
            [
                929.0,
                54.16666666666667
            ],
            [
                930.0,
                62.5
            ],
            [
                931.0,
                62.5
            ],
            [
                932.0,
                70.83333333333333
            ],
            [
                933.0,
                70.83333333333333
            ],
            [
                934.0,
                75.0
            ],
            [
                935.0,
                75.0
            ],
            [
                936.0,
                79.16666666666666
            ],
            [
                937.0,
                83.33333333333334
            ],
            [
                938.0,
                87.5
            ],
            [
                939.0,
                87.5
            ],
            [
                940.0,
                87.5
            ],
            [
                941.0,
                86.04651162790698
            ],
            [
                942.0,
                83.72093023255815
            ],
            [
                943.0,
                77.90697674418605
            ],
            [
                944.0,
                75.5813953488372
            ],
            [
                945.0,
                69.76744186046511
            ],
            [
                946.0,
                63.95348837209303
            ],
            [
                947.0,
                56.97674418604651
            ]
        ],